{
  "firstLayout": "",
  "gdVersion": {
    "build": 238,
    "major": 5,
    "minor": 5,
    "revision": 0
  },
  "properties": {
    "adaptGameResolutionAtRuntime": true,
    "antialiasingMode": "MSAA",
    "antialisingEnabledOnMobile": false,
    "folderProject": true,
    "orientation": "default",
    "packageName": "com.wizzarn.shoshoboom",
    "pixelsRounding": true,
    "projectUuid": "31d5d947-4085-4f85-9e99-668744669214",
    "scaleMode": "nearest",
    "sizeOnStartupMode": "",
    "templateSlug": "starting-top-down-pixel",
    "version": "0.2.1",
    "name": "shoshobum",
    "description": "",
    "author": "Wizzarn",
    "windowWidth": 640,
    "windowHeight": 360,
    "latestCompilationDirectory": "C:\\Users\\victor\\Documents\\GDevelop projects\\builds",
    "maxFPS": 60,
    "minFPS": 20,
    "verticalSync": false,
    "platformSpecificAssets": {
      "android-icon-144": "",
      "android-icon-192": "",
      "android-icon-36": "",
      "android-icon-48": "",
      "android-icon-72": "",
      "android-icon-96": "",
      "android-windowSplashScreenAnimatedIcon": "",
      "desktop-icon-512": "",
      "ios-icon-100": "",
      "ios-icon-1024": "",
      "ios-icon-114": "",
      "ios-icon-120": "",
      "ios-icon-144": "",
      "ios-icon-152": "",
      "ios-icon-167": "",
      "ios-icon-180": "",
      "ios-icon-20": "",
      "ios-icon-29": "",
      "ios-icon-40": "",
      "ios-icon-50": "",
      "ios-icon-57": "",
      "ios-icon-58": "",
      "ios-icon-60": "",
      "ios-icon-72": "",
      "ios-icon-76": "",
      "ios-icon-80": "",
      "ios-icon-87": ""
    },
    "loadingScreen": {
      "backgroundColor": 0,
      "backgroundFadeInDuration": 0.2,
      "backgroundImageResourceName": "",
      "gdevelopLogoStyle": "dark",
      "logoAndProgressFadeInDuration": 0.2,
      "logoAndProgressLogoFadeInDelay": 0,
      "minDuration": 1,
      "progressBarColor": 16777215,
      "progressBarHeight": 20,
      "progressBarMaxWidth": 200,
      "progressBarMinWidth": 40,
      "progressBarWidthPercent": 30,
      "showGDevelopSplash": false,
      "showProgressBar": true
    },
    "watermark": {
      "placement": "bottom-left",
      "showWatermark": true
    },
    "authorIds": [
      "Ufb6L4y6qRNYzwIFuAo1kKUsR8b2"
    ],
    "authorUsernames": [
      "vgonzalez"
    ],
    "categories": [],
    "playableDevices": [],
    "extensionProperties": [],
    "platforms": [
      {
        "name": "GDevelop JS platform"
      }
    ],
    "currentPlatform": "GDevelop JS platform"
  },
  "resources": {
    "resources": [
      {
        "file": "assets/icon_keyboard_on.png",
        "kind": "image",
        "metadata": "{\"extension\":\".png\"}",
        "name": "icon_keyboard_on",
        "smoothed": false,
        "userAdded": false
      },
      {
        "file": "assets/gamepad.png",
        "kind": "image",
        "metadata": "{\"extension\":\".png\"}",
        "name": "gamepad",
        "smoothed": false,
        "userAdded": false
      },
      {
        "file": "assets/NotoSansJP-Thin.ttf",
        "kind": "font",
        "metadata": "",
        "name": "f40e19b338c5e8a66a3b1b572f135d9477ab53fcb34ec5ec3f989304d8f12dde_NotoSansJP-Thin.ttf",
        "userAdded": false,
        "origin": {
          "identifier": "https://asset-resources.gdevelop.io/public-resources/Open Font License/Japanese/f40e19b338c5e8a66a3b1b572f135d9477ab53fcb34ec5ec3f989304d8f12dde_NotoSansJP-Thin.ttf",
          "name": "gdevelop-asset-store"
        }
      },
      {
        "file": "assets/Walls/wall_white.png",
        "kind": "image",
        "metadata": "",
        "name": "assets\\Walls\\wall_white.png",
        "smoothed": false,
        "userAdded": false
      },
      {
        "file": "assets/Collision.png",
        "kind": "image",
        "metadata": "{\"extension\":\".png\",\"localFilePath\":\"assets/Collision.png\"}",
        "name": "Transparent",
        "smoothed": false,
        "userAdded": false
      },
      {
        "file": "assets/Walls/hole_white.png",
        "kind": "image",
        "metadata": "",
        "name": "assets\\Walls\\hole_white.png",
        "smoothed": false,
        "userAdded": false
      },
      {
        "file": "assets/Walls/wall_white_breakable_000.png",
        "kind": "image",
        "metadata": "",
        "name": "assets\\Walls\\wall_white_breakable_000.png",
        "smoothed": false,
        "userAdded": false
      },
      {
        "file": "assets/Walls/wall_white_breakable_50.png",
        "kind": "image",
        "metadata": "",
        "name": "assets\\Walls\\wall_white_breakable_50.png",
        "smoothed": false,
        "userAdded": false
      },
      {
        "file": "assets/Walls/wall_white_breakable_100.png",
        "kind": "image",
        "metadata": "",
        "name": "assets\\Walls\\wall_white_breakable_100.png",
        "smoothed": false,
        "userAdded": false
      },
      {
        "file": "assets/advance-wars-2-gba.ttf",
        "kind": "font",
        "metadata": "",
        "name": "assets\\advance-wars-2-gba.ttf",
        "userAdded": false
      },
      {
        "file": "assets/Backgrounds/fondo_titulo.png",
        "kind": "image",
        "metadata": "",
        "name": "assets\\Backgrounds\\fondo_titulo.png",
        "smoothed": false,
        "userAdded": false
      },
      {
        "file": "assets/Backgrounds/fondo_patron tanques1.png",
        "kind": "image",
        "metadata": "",
        "name": "assets\\Backgrounds\\fondo_patron tanques1.png",
        "smoothed": false,
        "userAdded": false
      },
      {
        "file": "assets/Black.png",
        "kind": "image",
        "metadata": "{\"extension\":\".png\"}",
        "name": "Black",
        "smoothed": false,
        "userAdded": false
      },
      {
        "file": "assets/White.png",
        "kind": "image",
        "metadata": "{\"extension\":\".png\"}",
        "name": "White",
        "smoothed": false,
        "userAdded": false
      },
      {
        "file": "assets/FX/Particles/TiresDecal.png",
        "kind": "image",
        "metadata": "{\"extension\":\".png\",\"localFilePath\":\"assets/TiresDecal6.png\"}",
        "name": "TiresDecal",
        "smoothed": false,
        "userAdded": false
      },
      {
        "file": "assets/FX/Particles/BulletSmoke_01.png",
        "kind": "image",
        "metadata": "{\"extension\":\".png\",\"pskl\":{}}",
        "name": "BulletSmoke",
        "smoothed": false,
        "userAdded": false
      },
      {
        "file": "assets/Explosion1.png",
        "kind": "image",
        "metadata": "",
        "name": "Explosion1.png",
        "smoothed": false,
        "userAdded": false,
        "origin": {
          "identifier": "https://asset-resources.gdevelop.io/public-resources/Particles/PixiJS/c693a024a868728da3e9e91c9d23513306582bda6ba10191afc24d6c5667dd5e_Explosion1.png",
          "name": "Explosion1.png"
        }
      },
      {
        "file": "assets/Player/tank_red_cannon_0001.png",
        "kind": "image",
        "metadata": "",
        "name": "assets\\Player\\tank_red_cannon_0001.png",
        "smoothed": false,
        "userAdded": false
      },
      {
        "file": "assets/Player/tank_red_cannon_0002.png",
        "kind": "image",
        "metadata": "",
        "name": "assets\\Player\\tank_red_cannon_0002.png",
        "smoothed": false,
        "userAdded": false
      },
      {
        "file": "assets/Player/tank_red_cannon_0003.png",
        "kind": "image",
        "metadata": "",
        "name": "assets\\Player\\tank_red_cannon_0003.png",
        "smoothed": false,
        "userAdded": false
      },
      {
        "file": "assets/Player/tank_red_cannon_0004.png",
        "kind": "image",
        "metadata": "",
        "name": "assets\\Player\\tank_red_cannon_0004.png",
        "smoothed": false,
        "userAdded": false
      },
      {
        "file": "assets/Player/tank_red_cannon_0005.png",
        "kind": "image",
        "metadata": "",
        "name": "assets\\Player\\tank_red_cannon_0005.png",
        "smoothed": false,
        "userAdded": false
      },
      {
        "file": "assets/Player/tank_red_cannon_0006.png",
        "kind": "image",
        "metadata": "",
        "name": "assets\\Player\\tank_red_cannon_0006.png",
        "smoothed": false,
        "userAdded": false
      },
      {
        "file": "assets/Player/tank_red_cannon_0007.png",
        "kind": "image",
        "metadata": "",
        "name": "assets\\Player\\tank_red_cannon_0007.png",
        "smoothed": false,
        "userAdded": false
      },
      {
        "file": "assets/Player/tank_red_cannon_0008.png",
        "kind": "image",
        "metadata": "",
        "name": "assets\\Player\\tank_red_cannon_0008.png",
        "smoothed": false,
        "userAdded": false
      },
      {
        "file": "assets/Player/tank_red_cannon_0009.png",
        "kind": "image",
        "metadata": "",
        "name": "assets\\Player\\tank_red_cannon_0009.png",
        "smoothed": false,
        "userAdded": false
      },
      {
        "file": "assets/Player/tank_red_cannon_0010.png",
        "kind": "image",
        "metadata": "",
        "name": "assets\\Player\\tank_red_cannon_0010.png",
        "smoothed": false,
        "userAdded": false
      },
      {
        "file": "assets/Player/tank_red_cannon_0011.png",
        "kind": "image",
        "metadata": "",
        "name": "assets\\Player\\tank_red_cannon_0011.png",
        "smoothed": false,
        "userAdded": false
      },
      {
        "file": "assets/Player/tank_red_cannon_0012.png",
        "kind": "image",
        "metadata": "",
        "name": "assets\\Player\\tank_red_cannon_0012.png",
        "smoothed": false,
        "userAdded": false
      },
      {
        "file": "assets/Player/tank_red_cannon_0013.png",
        "kind": "image",
        "metadata": "",
        "name": "assets\\Player\\tank_red_cannon_0013.png",
        "smoothed": false,
        "userAdded": false
      },
      {
        "file": "assets/Player/tank_red_cannon_0014.png",
        "kind": "image",
        "metadata": "",
        "name": "assets\\Player\\tank_red_cannon_0014.png",
        "smoothed": false,
        "userAdded": false
      },
      {
        "file": "assets/Player/tank_red_cannon_0015.png",
        "kind": "image",
        "metadata": "",
        "name": "assets\\Player\\tank_red_cannon_0015.png",
        "smoothed": false,
        "userAdded": false
      },
      {
        "file": "assets/Player/tank_red_cannon_0016.png",
        "kind": "image",
        "metadata": "",
        "name": "assets\\Player\\tank_red_cannon_0016.png",
        "smoothed": false,
        "userAdded": false
      },
      {
        "file": "assets/Player/tank_red_0001.png",
        "kind": "image",
        "metadata": "",
        "name": "assets\\Player\\tank_red_0001.png",
        "smoothed": false,
        "userAdded": false
      },
      {
        "file": "assets/Player/tank_red_0002.png",
        "kind": "image",
        "metadata": "",
        "name": "assets\\Player\\tank_red_0002.png",
        "smoothed": false,
        "userAdded": false
      },
      {
        "file": "assets/Player/tank_red_0003.png",
        "kind": "image",
        "metadata": "",
        "name": "assets\\Player\\tank_red_0003.png",
        "smoothed": false,
        "userAdded": false
      },
      {
        "file": "assets/Player/tank_red_0004.png",
        "kind": "image",
        "metadata": "",
        "name": "assets\\Player\\tank_red_0004.png",
        "smoothed": false,
        "userAdded": false
      },
      {
        "file": "assets/Player/tank_red_0005.png",
        "kind": "image",
        "metadata": "",
        "name": "assets\\Player\\tank_red_0005.png",
        "smoothed": false,
        "userAdded": false
      },
      {
        "file": "assets/Player/tank_red_0006.png",
        "kind": "image",
        "metadata": "",
        "name": "assets\\Player\\tank_red_0006.png",
        "smoothed": false,
        "userAdded": false
      },
      {
        "file": "assets/Player/tank_red_0007.png",
        "kind": "image",
        "metadata": "",
        "name": "assets\\Player\\tank_red_0007.png",
        "smoothed": false,
        "userAdded": false
      },
      {
        "file": "assets/Player/tank_red_0008.png",
        "kind": "image",
        "metadata": "",
        "name": "assets\\Player\\tank_red_0008.png",
        "smoothed": false,
        "userAdded": false
      },
      {
        "file": "assets/Player/tank_red_0009.png",
        "kind": "image",
        "metadata": "",
        "name": "assets\\Player\\tank_red_0009.png",
        "smoothed": false,
        "userAdded": false
      },
      {
        "file": "assets/Player/tank_red_0010.png",
        "kind": "image",
        "metadata": "",
        "name": "assets\\Player\\tank_red_0010.png",
        "smoothed": false,
        "userAdded": false
      },
      {
        "file": "assets/Player/tank_red_0011.png",
        "kind": "image",
        "metadata": "",
        "name": "assets\\Player\\tank_red_0011.png",
        "smoothed": false,
        "userAdded": false
      },
      {
        "file": "assets/Player/tank_red_0012.png",
        "kind": "image",
        "metadata": "",
        "name": "assets\\Player\\tank_red_0012.png",
        "smoothed": false,
        "userAdded": false
      },
      {
        "file": "assets/Player/tank_red_0013.png",
        "kind": "image",
        "metadata": "",
        "name": "assets\\Player\\tank_red_0013.png",
        "smoothed": false,
        "userAdded": false
      },
      {
        "file": "assets/Player/tank_red_0014.png",
        "kind": "image",
        "metadata": "",
        "name": "assets\\Player\\tank_red_0014.png",
        "smoothed": false,
        "userAdded": false
      },
      {
        "file": "assets/Player/tank_red_0015.png",
        "kind": "image",
        "metadata": "",
        "name": "assets\\Player\\tank_red_0015.png",
        "smoothed": false,
        "userAdded": false
      },
      {
        "file": "assets/Player/tank_red_0016.png",
        "kind": "image",
        "metadata": "",
        "name": "assets\\Player\\tank_red_0016.png",
        "smoothed": false,
        "userAdded": false
      },
      {
        "file": "assets/Bullets/bullet_white_small/bullet_white_1.png",
        "kind": "image",
        "metadata": "",
        "name": "assets\\Bullets\\bullet_white_small\\bullet_white_1.png",
        "smoothed": false,
        "userAdded": false
      },
      {
        "file": "assets/Bullets/bullet_white_small/bullet_white_2.png",
        "kind": "image",
        "metadata": "",
        "name": "assets\\Bullets\\bullet_white_small\\bullet_white_2.png",
        "smoothed": false,
        "userAdded": false
      },
      {
        "file": "assets/Bullets/bullet_white_small/bullet_white_3.png",
        "kind": "image",
        "metadata": "",
        "name": "assets\\Bullets\\bullet_white_small\\bullet_white_3.png",
        "smoothed": false,
        "userAdded": false
      },
      {
        "file": "assets/Bullets/bullet_white_small/bullet_white_4.png",
        "kind": "image",
        "metadata": "",
        "name": "assets\\Bullets\\bullet_white_small\\bullet_white_4.png",
        "smoothed": false,
        "userAdded": false
      },
      {
        "file": "assets/Bullets/bullet_white_small/bullet_white_5.png",
        "kind": "image",
        "metadata": "",
        "name": "assets\\Bullets\\bullet_white_small\\bullet_white_5.png",
        "smoothed": false,
        "userAdded": false
      },
      {
        "file": "assets/Bullets/bullet_white_small/bullet_white_6.png",
        "kind": "image",
        "metadata": "",
        "name": "assets\\Bullets\\bullet_white_small\\bullet_white_6.png",
        "smoothed": false,
        "userAdded": false
      },
      {
        "file": "assets/Bullets/bullet_white_small/bullet_white_7.png",
        "kind": "image",
        "metadata": "",
        "name": "assets\\Bullets\\bullet_white_small\\bullet_white_7.png",
        "smoothed": false,
        "userAdded": false
      },
      {
        "file": "assets/Bullets/bullet_white_small/bullet_white_8.png",
        "kind": "image",
        "metadata": "",
        "name": "assets\\Bullets\\bullet_white_small\\bullet_white_8.png",
        "smoothed": false,
        "userAdded": false
      },
      {
        "file": "assets/Bullets/bullet_white_small/bullet_white_9.png",
        "kind": "image",
        "metadata": "",
        "name": "assets\\Bullets\\bullet_white_small\\bullet_white_9.png",
        "smoothed": false,
        "userAdded": false
      },
      {
        "file": "assets/Bullets/bullet_white_small/bullet_white_10.png",
        "kind": "image",
        "metadata": "",
        "name": "assets\\Bullets\\bullet_white_small\\bullet_white_10.png",
        "smoothed": false,
        "userAdded": false
      },
      {
        "file": "assets/Bullets/bullet_white_small/bullet_white_11.png",
        "kind": "image",
        "metadata": "",
        "name": "assets\\Bullets\\bullet_white_small\\bullet_white_11.png",
        "smoothed": false,
        "userAdded": false
      },
      {
        "file": "assets/Bullets/bullet_white_small/bullet_white_12.png",
        "kind": "image",
        "metadata": "",
        "name": "assets\\Bullets\\bullet_white_small\\bullet_white_12.png",
        "smoothed": false,
        "userAdded": false
      },
      {
        "file": "assets/Bullets/bullet_white_small/bullet_white_13.png",
        "kind": "image",
        "metadata": "",
        "name": "assets\\Bullets\\bullet_white_small\\bullet_white_13.png",
        "smoothed": false,
        "userAdded": false
      },
      {
        "file": "assets/Bullets/bullet_white_small/bullet_white_14.png",
        "kind": "image",
        "metadata": "",
        "name": "assets\\Bullets\\bullet_white_small\\bullet_white_14.png",
        "smoothed": false,
        "userAdded": false
      },
      {
        "file": "assets/Bullets/bullet_white_small/bullet_white_15.png",
        "kind": "image",
        "metadata": "",
        "name": "assets\\Bullets\\bullet_white_small\\bullet_white_15.png",
        "smoothed": false,
        "userAdded": false
      },
      {
        "file": "assets/Bullets/bullet_white_small/bullet_white_16.png",
        "kind": "image",
        "metadata": "",
        "name": "assets\\Bullets\\bullet_white_small\\bullet_white_16.png",
        "smoothed": false,
        "userAdded": false
      },
      {
        "file": "assets/Bullets/bullet_white_small/bullet_white_17.png",
        "kind": "image",
        "metadata": "",
        "name": "assets\\Bullets\\bullet_white_small\\bullet_white_17.png",
        "smoothed": false,
        "userAdded": false
      },
      {
        "file": "assets/Bullets/bullet_white_small/bullet_white_18.png",
        "kind": "image",
        "metadata": "",
        "name": "assets\\Bullets\\bullet_white_small\\bullet_white_18.png",
        "smoothed": false,
        "userAdded": false
      },
      {
        "file": "assets/Bullets/bullet_white_small/bullet_white_19.png",
        "kind": "image",
        "metadata": "",
        "name": "assets\\Bullets\\bullet_white_small\\bullet_white_19.png",
        "smoothed": false,
        "userAdded": false
      },
      {
        "file": "assets/Bullets/bullet_white_small/bullet_white_20.png",
        "kind": "image",
        "metadata": "",
        "name": "assets\\Bullets\\bullet_white_small\\bullet_white_20.png",
        "smoothed": false,
        "userAdded": false
      },
      {
        "file": "assets/Bullets/bullet_white_small/bullet_white_21.png",
        "kind": "image",
        "metadata": "",
        "name": "assets\\Bullets\\bullet_white_small\\bullet_white_21.png",
        "smoothed": false,
        "userAdded": false
      },
      {
        "file": "assets/Bullets/bullet_white_small/bullet_white_22.png",
        "kind": "image",
        "metadata": "",
        "name": "assets\\Bullets\\bullet_white_small\\bullet_white_22.png",
        "smoothed": false,
        "userAdded": false
      },
      {
        "file": "assets/Bullets/bullet_white_small/bullet_white_23.png",
        "kind": "image",
        "metadata": "",
        "name": "assets\\Bullets\\bullet_white_small\\bullet_white_23.png",
        "smoothed": false,
        "userAdded": false
      },
      {
        "file": "assets/Bullets/bullet_white_small/bullet_white_24.png",
        "kind": "image",
        "metadata": "",
        "name": "assets\\Bullets\\bullet_white_small\\bullet_white_24.png",
        "smoothed": false,
        "userAdded": false
      },
      {
        "file": "assets/Guarding.png",
        "kind": "image",
        "metadata": "{\"extension\":\".png\"}",
        "name": "Guarding",
        "smoothed": false,
        "userAdded": false
      },
      {
        "file": "assets/Alert.png",
        "kind": "image",
        "metadata": "{\"extension\":\".png\"}",
        "name": "Alert",
        "smoothed": false,
        "userAdded": false
      },
      {
        "file": "assets/Lost.png",
        "kind": "image",
        "metadata": "{\"extension\":\".png\"}",
        "name": "Lost",
        "smoothed": false,
        "userAdded": false
      },
      {
        "file": "assets/Bullets/mine1.png",
        "kind": "image",
        "metadata": "",
        "name": "assets\\Bullets\\mine1.png",
        "smoothed": false,
        "userAdded": false
      },
      {
        "file": "assets/Bullets/mine2.png",
        "kind": "image",
        "metadata": "",
        "name": "assets\\Bullets\\mine2.png",
        "smoothed": false,
        "userAdded": false
      },
      {
        "file": "assets/FX/Explosions/Glow.png",
        "kind": "image",
        "metadata": "",
        "name": "assets\\FX\\Explosions\\Glow.png",
        "smoothed": false,
        "userAdded": false
      },
      {
        "file": "assets/FX/Explosions/body_ani/explosion_body_yellow1.png",
        "kind": "image",
        "metadata": "",
        "name": "assets\\FX\\Explosions\\body_ani\\explosion_body_yellow1.png",
        "smoothed": false,
        "userAdded": false
      },
      {
        "file": "assets/FX/Explosions/body_ani/explosion_body_yellow2.png",
        "kind": "image",
        "metadata": "",
        "name": "assets\\FX\\Explosions\\body_ani\\explosion_body_yellow2.png",
        "smoothed": false,
        "userAdded": false
      },
      {
        "file": "assets/FX/Explosions/body_ani/explosion_body_yellow3.png",
        "kind": "image",
        "metadata": "",
        "name": "assets\\FX\\Explosions\\body_ani\\explosion_body_yellow3.png",
        "smoothed": false,
        "userAdded": false
      },
      {
        "file": "assets/FX/Explosions/body_ani/explosion_body_yellow4.png",
        "kind": "image",
        "metadata": "",
        "name": "assets\\FX\\Explosions\\body_ani\\explosion_body_yellow4.png",
        "smoothed": false,
        "userAdded": false
      },
      {
        "file": "assets/FX/Explosions/body_ani/explosion_body_yellow5.png",
        "kind": "image",
        "metadata": "",
        "name": "assets\\FX\\Explosions\\body_ani\\explosion_body_yellow5.png",
        "smoothed": false,
        "userAdded": false
      },
      {
        "file": "assets/FX/Explosions/body_ani/explosion_body_yellow6.png",
        "kind": "image",
        "metadata": "",
        "name": "assets\\FX\\Explosions\\body_ani\\explosion_body_yellow6.png",
        "smoothed": false,
        "userAdded": false
      },
      {
        "file": "assets/FX/Explosions/body_ani/explosion_body_yellow7.png",
        "kind": "image",
        "metadata": "",
        "name": "assets\\FX\\Explosions\\body_ani\\explosion_body_yellow7.png",
        "smoothed": false,
        "userAdded": false
      },
      {
        "file": "assets/FX/Explosions/explosion_ring_yellow.png",
        "kind": "image",
        "metadata": "",
        "name": "assets\\FX\\Explosions\\explosion_ring_yellow.png",
        "smoothed": false,
        "userAdded": false
      },
      {
        "file": "assets/Collision64.png",
        "kind": "image",
        "metadata": "",
        "name": "assets\\Collision64.png",
        "smoothed": false,
        "userAdded": false
      },
      {
        "file": "assets/Collision.png",
        "kind": "image",
        "metadata": "",
        "name": "assets\\Collision.png",
        "smoothed": false,
        "userAdded": false
      },
      {
        "file": "assets/FX/Particles/death_cross.png",
        "kind": "image",
        "metadata": "",
        "name": "assets\\FX\\Particles\\death_cross.png",
        "smoothed": false,
        "userAdded": false
      },
      {
        "file": "assets/Enemies/blue/blue_tank_body_01.png",
        "kind": "image",
        "metadata": "",
        "name": "assets\\Enemies\\blue\\blue_tank_body_01.png",
        "smoothed": false,
        "userAdded": false
      },
      {
        "file": "assets/Enemies/blue/blue_tank_body_02.png",
        "kind": "image",
        "metadata": "",
        "name": "assets\\Enemies\\blue\\blue_tank_body_02.png",
        "smoothed": false,
        "userAdded": false
      },
      {
        "file": "assets/Enemies/blue/blue_tank_body_03.png",
        "kind": "image",
        "metadata": "",
        "name": "assets\\Enemies\\blue\\blue_tank_body_03.png",
        "smoothed": false,
        "userAdded": false
      },
      {
        "file": "assets/Enemies/blue/blue_tank_body_04.png",
        "kind": "image",
        "metadata": "",
        "name": "assets\\Enemies\\blue\\blue_tank_body_04.png",
        "smoothed": false,
        "userAdded": false
      },
      {
        "file": "assets/Enemies/blue/blue_tank_body_05.png",
        "kind": "image",
        "metadata": "",
        "name": "assets\\Enemies\\blue\\blue_tank_body_05.png",
        "smoothed": false,
        "userAdded": false
      },
      {
        "file": "assets/Enemies/blue/blue_tank_body_06.png",
        "kind": "image",
        "metadata": "",
        "name": "assets\\Enemies\\blue\\blue_tank_body_06.png",
        "smoothed": false,
        "userAdded": false
      },
      {
        "file": "assets/Enemies/blue/blue_tank_body_07.png",
        "kind": "image",
        "metadata": "",
        "name": "assets\\Enemies\\blue\\blue_tank_body_07.png",
        "smoothed": false,
        "userAdded": false
      },
      {
        "file": "assets/Enemies/blue/blue_tank_body_08.png",
        "kind": "image",
        "metadata": "",
        "name": "assets\\Enemies\\blue\\blue_tank_body_08.png",
        "smoothed": false,
        "userAdded": false
      },
      {
        "file": "assets/Enemies/blue/blue_tank_body_09.png",
        "kind": "image",
        "metadata": "",
        "name": "assets\\Enemies\\blue\\blue_tank_body_09.png",
        "smoothed": false,
        "userAdded": false
      },
      {
        "file": "assets/Enemies/blue/blue_tank_body_10.png",
        "kind": "image",
        "metadata": "",
        "name": "assets\\Enemies\\blue\\blue_tank_body_10.png",
        "smoothed": false,
        "userAdded": false
      },
      {
        "file": "assets/Enemies/blue/blue_tank_body_11.png",
        "kind": "image",
        "metadata": "",
        "name": "assets\\Enemies\\blue\\blue_tank_body_11.png",
        "smoothed": false,
        "userAdded": false
      },
      {
        "file": "assets/Enemies/blue/blue_tank_body_12.png",
        "kind": "image",
        "metadata": "",
        "name": "assets\\Enemies\\blue\\blue_tank_body_12.png",
        "smoothed": false,
        "userAdded": false
      },
      {
        "file": "assets/Enemies/blue/blue_tank_body_13.png",
        "kind": "image",
        "metadata": "",
        "name": "assets\\Enemies\\blue\\blue_tank_body_13.png",
        "smoothed": false,
        "userAdded": false
      },
      {
        "file": "assets/Enemies/blue/blue_tank_body_14.png",
        "kind": "image",
        "metadata": "",
        "name": "assets\\Enemies\\blue\\blue_tank_body_14.png",
        "smoothed": false,
        "userAdded": false
      },
      {
        "file": "assets/Enemies/blue/blue_tank_body_15.png",
        "kind": "image",
        "metadata": "",
        "name": "assets\\Enemies\\blue\\blue_tank_body_15.png",
        "smoothed": false,
        "userAdded": false
      },
      {
        "file": "assets/Enemies/blue/blue_tank_body_16.png",
        "kind": "image",
        "metadata": "",
        "name": "assets\\Enemies\\blue\\blue_tank_body_16.png",
        "smoothed": false,
        "userAdded": false
      },
      {
        "file": "assets/Enemies/blue/blue_tank_cannon_01.png",
        "kind": "image",
        "metadata": "",
        "name": "assets\\Enemies\\blue\\blue_tank_cannon_01.png",
        "smoothed": false,
        "userAdded": false
      },
      {
        "file": "assets/Enemies/blue/blue_tank_cannon_02.png",
        "kind": "image",
        "metadata": "",
        "name": "assets\\Enemies\\blue\\blue_tank_cannon_02.png",
        "smoothed": false,
        "userAdded": false
      },
      {
        "file": "assets/Enemies/blue/blue_tank_cannon_03.png",
        "kind": "image",
        "metadata": "",
        "name": "assets\\Enemies\\blue\\blue_tank_cannon_03.png",
        "smoothed": false,
        "userAdded": false
      },
      {
        "file": "assets/Enemies/blue/blue_tank_cannon_04.png",
        "kind": "image",
        "metadata": "",
        "name": "assets\\Enemies\\blue\\blue_tank_cannon_04.png",
        "smoothed": false,
        "userAdded": false
      },
      {
        "file": "assets/Enemies/blue/blue_tank_cannon_05.png",
        "kind": "image",
        "metadata": "",
        "name": "assets\\Enemies\\blue\\blue_tank_cannon_05.png",
        "smoothed": false,
        "userAdded": false
      },
      {
        "file": "assets/Enemies/blue/blue_tank_cannon_06.png",
        "kind": "image",
        "metadata": "",
        "name": "assets\\Enemies\\blue\\blue_tank_cannon_06.png",
        "smoothed": false,
        "userAdded": false
      },
      {
        "file": "assets/Enemies/blue/blue_tank_cannon_07.png",
        "kind": "image",
        "metadata": "",
        "name": "assets\\Enemies\\blue\\blue_tank_cannon_07.png",
        "smoothed": false,
        "userAdded": false
      },
      {
        "file": "assets/Enemies/blue/blue_tank_cannon_08.png",
        "kind": "image",
        "metadata": "",
        "name": "assets\\Enemies\\blue\\blue_tank_cannon_08.png",
        "smoothed": false,
        "userAdded": false
      },
      {
        "file": "assets/Enemies/blue/blue_tank_cannon_09.png",
        "kind": "image",
        "metadata": "",
        "name": "assets\\Enemies\\blue\\blue_tank_cannon_09.png",
        "smoothed": false,
        "userAdded": false
      },
      {
        "file": "assets/Enemies/blue/blue_tank_cannon_10.png",
        "kind": "image",
        "metadata": "",
        "name": "assets\\Enemies\\blue\\blue_tank_cannon_10.png",
        "smoothed": false,
        "userAdded": false
      },
      {
        "file": "assets/Enemies/blue/blue_tank_cannon_11.png",
        "kind": "image",
        "metadata": "",
        "name": "assets\\Enemies\\blue\\blue_tank_cannon_11.png",
        "smoothed": false,
        "userAdded": false
      },
      {
        "file": "assets/Enemies/blue/blue_tank_cannon_12.png",
        "kind": "image",
        "metadata": "",
        "name": "assets\\Enemies\\blue\\blue_tank_cannon_12.png",
        "smoothed": false,
        "userAdded": false
      },
      {
        "file": "assets/Enemies/blue/blue_tank_cannon_13.png",
        "kind": "image",
        "metadata": "",
        "name": "assets\\Enemies\\blue\\blue_tank_cannon_13.png",
        "smoothed": false,
        "userAdded": false
      },
      {
        "file": "assets/Enemies/blue/blue_tank_cannon_14.png",
        "kind": "image",
        "metadata": "",
        "name": "assets\\Enemies\\blue\\blue_tank_cannon_14.png",
        "smoothed": false,
        "userAdded": false
      },
      {
        "file": "assets/Enemies/blue/blue_tank_cannon_15.png",
        "kind": "image",
        "metadata": "",
        "name": "assets\\Enemies\\blue\\blue_tank_cannon_15.png",
        "smoothed": false,
        "userAdded": false
      },
      {
        "file": "assets/Enemies/blue/blue_tank_cannon_16.png",
        "kind": "image",
        "metadata": "",
        "name": "assets\\Enemies\\blue\\blue_tank_cannon_16.png",
        "smoothed": false,
        "userAdded": false
      },
      {
        "file": "assets/Enemies/green/green_tank_body_01.png",
        "kind": "image",
        "metadata": "",
        "name": "assets\\Enemies\\green\\green_tank_body_01.png",
        "smoothed": false,
        "userAdded": false
      },
      {
        "file": "assets/Enemies/green/green_tank_body_02.png",
        "kind": "image",
        "metadata": "",
        "name": "assets\\Enemies\\green\\green_tank_body_02.png",
        "smoothed": false,
        "userAdded": false
      },
      {
        "file": "assets/Enemies/green/green_tank_body_03.png",
        "kind": "image",
        "metadata": "",
        "name": "assets\\Enemies\\green\\green_tank_body_03.png",
        "smoothed": false,
        "userAdded": false
      },
      {
        "file": "assets/Enemies/green/green_tank_body_04.png",
        "kind": "image",
        "metadata": "",
        "name": "assets\\Enemies\\green\\green_tank_body_04.png",
        "smoothed": false,
        "userAdded": false
      },
      {
        "file": "assets/Enemies/green/green_tank_body_05.png",
        "kind": "image",
        "metadata": "",
        "name": "assets\\Enemies\\green\\green_tank_body_05.png",
        "smoothed": false,
        "userAdded": false
      },
      {
        "file": "assets/Enemies/green/green_tank_body_06.png",
        "kind": "image",
        "metadata": "",
        "name": "assets\\Enemies\\green\\green_tank_body_06.png",
        "smoothed": false,
        "userAdded": false
      },
      {
        "file": "assets/Enemies/green/green_tank_body_07.png",
        "kind": "image",
        "metadata": "",
        "name": "assets\\Enemies\\green\\green_tank_body_07.png",
        "smoothed": false,
        "userAdded": false
      },
      {
        "file": "assets/Enemies/green/green_tank_body_08.png",
        "kind": "image",
        "metadata": "",
        "name": "assets\\Enemies\\green\\green_tank_body_08.png",
        "smoothed": false,
        "userAdded": false
      },
      {
        "file": "assets/Enemies/green/green_tank_body_09.png",
        "kind": "image",
        "metadata": "",
        "name": "assets\\Enemies\\green\\green_tank_body_09.png",
        "smoothed": false,
        "userAdded": false
      },
      {
        "file": "assets/Enemies/green/green_tank_body_10.png",
        "kind": "image",
        "metadata": "",
        "name": "assets\\Enemies\\green\\green_tank_body_10.png",
        "smoothed": false,
        "userAdded": false
      },
      {
        "file": "assets/Enemies/green/green_tank_body_11.png",
        "kind": "image",
        "metadata": "",
        "name": "assets\\Enemies\\green\\green_tank_body_11.png",
        "smoothed": false,
        "userAdded": false
      },
      {
        "file": "assets/Enemies/green/green_tank_body_12.png",
        "kind": "image",
        "metadata": "",
        "name": "assets\\Enemies\\green\\green_tank_body_12.png",
        "smoothed": false,
        "userAdded": false
      },
      {
        "file": "assets/Enemies/green/green_tank_body_13.png",
        "kind": "image",
        "metadata": "",
        "name": "assets\\Enemies\\green\\green_tank_body_13.png",
        "smoothed": false,
        "userAdded": false
      },
      {
        "file": "assets/Enemies/green/green_tank_body_14.png",
        "kind": "image",
        "metadata": "",
        "name": "assets\\Enemies\\green\\green_tank_body_14.png",
        "smoothed": false,
        "userAdded": false
      },
      {
        "file": "assets/Enemies/green/green_tank_body_15.png",
        "kind": "image",
        "metadata": "",
        "name": "assets\\Enemies\\green\\green_tank_body_15.png",
        "smoothed": false,
        "userAdded": false
      },
      {
        "file": "assets/Enemies/green/green_tank_body_16.png",
        "kind": "image",
        "metadata": "",
        "name": "assets\\Enemies\\green\\green_tank_body_16.png",
        "smoothed": false,
        "userAdded": false
      },
      {
        "file": "assets/Enemies/green/green_tank_cannon_01.png",
        "kind": "image",
        "metadata": "",
        "name": "assets\\Enemies\\green\\green_tank_cannon_01.png",
        "smoothed": false,
        "userAdded": false
      },
      {
        "file": "assets/Enemies/green/green_tank_cannon_02.png",
        "kind": "image",
        "metadata": "",
        "name": "assets\\Enemies\\green\\green_tank_cannon_02.png",
        "smoothed": false,
        "userAdded": false
      },
      {
        "file": "assets/Enemies/green/green_tank_cannon_03.png",
        "kind": "image",
        "metadata": "",
        "name": "assets\\Enemies\\green\\green_tank_cannon_03.png",
        "smoothed": false,
        "userAdded": false
      },
      {
        "file": "assets/Enemies/green/green_tank_cannon_04.png",
        "kind": "image",
        "metadata": "",
        "name": "assets\\Enemies\\green\\green_tank_cannon_04.png",
        "smoothed": false,
        "userAdded": false
      },
      {
        "file": "assets/Enemies/green/green_tank_cannon_05.png",
        "kind": "image",
        "metadata": "",
        "name": "assets\\Enemies\\green\\green_tank_cannon_05.png",
        "smoothed": false,
        "userAdded": false
      },
      {
        "file": "assets/Enemies/green/green_tank_cannon_06.png",
        "kind": "image",
        "metadata": "",
        "name": "assets\\Enemies\\green\\green_tank_cannon_06.png",
        "smoothed": false,
        "userAdded": false
      },
      {
        "file": "assets/Enemies/green/green_tank_cannon_07.png",
        "kind": "image",
        "metadata": "",
        "name": "assets\\Enemies\\green\\green_tank_cannon_07.png",
        "smoothed": false,
        "userAdded": false
      },
      {
        "file": "assets/Enemies/green/green_tank_cannon_08.png",
        "kind": "image",
        "metadata": "",
        "name": "assets\\Enemies\\green\\green_tank_cannon_08.png",
        "smoothed": false,
        "userAdded": false
      },
      {
        "file": "assets/Enemies/green/green_tank_cannon_09.png",
        "kind": "image",
        "metadata": "",
        "name": "assets\\Enemies\\green\\green_tank_cannon_09.png",
        "smoothed": false,
        "userAdded": false
      },
      {
        "file": "assets/Enemies/green/green_tank_cannon_10.png",
        "kind": "image",
        "metadata": "",
        "name": "assets\\Enemies\\green\\green_tank_cannon_10.png",
        "smoothed": false,
        "userAdded": false
      },
      {
        "file": "assets/Enemies/green/green_tank_cannon_11.png",
        "kind": "image",
        "metadata": "",
        "name": "assets\\Enemies\\green\\green_tank_cannon_11.png",
        "smoothed": false,
        "userAdded": false
      },
      {
        "file": "assets/Enemies/green/green_tank_cannon_12.png",
        "kind": "image",
        "metadata": "",
        "name": "assets\\Enemies\\green\\green_tank_cannon_12.png",
        "smoothed": false,
        "userAdded": false
      },
      {
        "file": "assets/Enemies/green/green_tank_cannon_13.png",
        "kind": "image",
        "metadata": "",
        "name": "assets\\Enemies\\green\\green_tank_cannon_13.png",
        "smoothed": false,
        "userAdded": false
      },
      {
        "file": "assets/Enemies/green/green_tank_cannon_14.png",
        "kind": "image",
        "metadata": "",
        "name": "assets\\Enemies\\green\\green_tank_cannon_14.png",
        "smoothed": false,
        "userAdded": false
      },
      {
        "file": "assets/Enemies/green/green_tank_cannon_15.png",
        "kind": "image",
        "metadata": "",
        "name": "assets\\Enemies\\green\\green_tank_cannon_15.png",
        "smoothed": false,
        "userAdded": false
      },
      {
        "file": "assets/Enemies/green/green_tank_cannon_16.png",
        "kind": "image",
        "metadata": "",
        "name": "assets\\Enemies\\green\\green_tank_cannon_16.png",
        "smoothed": false,
        "userAdded": false
      },
      {
        "file": "assets/Enemies/yellow/yellow_tank_body_01.png",
        "kind": "image",
        "metadata": "",
        "name": "assets\\Enemies\\yellow\\yellow_tank_body_01.png",
        "smoothed": false,
        "userAdded": false
      },
      {
        "file": "assets/Enemies/yellow/yellow_tank_body_02.png",
        "kind": "image",
        "metadata": "",
        "name": "assets\\Enemies\\yellow\\yellow_tank_body_02.png",
        "smoothed": false,
        "userAdded": false
      },
      {
        "file": "assets/Enemies/yellow/yellow_tank_body_03.png",
        "kind": "image",
        "metadata": "",
        "name": "assets\\Enemies\\yellow\\yellow_tank_body_03.png",
        "smoothed": false,
        "userAdded": false
      },
      {
        "file": "assets/Enemies/yellow/yellow_tank_body_04.png",
        "kind": "image",
        "metadata": "",
        "name": "assets\\Enemies\\yellow\\yellow_tank_body_04.png",
        "smoothed": false,
        "userAdded": false
      },
      {
        "file": "assets/Enemies/yellow/yellow_tank_body_05.png",
        "kind": "image",
        "metadata": "",
        "name": "assets\\Enemies\\yellow\\yellow_tank_body_05.png",
        "smoothed": false,
        "userAdded": false
      },
      {
        "file": "assets/Enemies/yellow/yellow_tank_body_06.png",
        "kind": "image",
        "metadata": "",
        "name": "assets\\Enemies\\yellow\\yellow_tank_body_06.png",
        "smoothed": false,
        "userAdded": false
      },
      {
        "file": "assets/Enemies/yellow/yellow_tank_body_07.png",
        "kind": "image",
        "metadata": "",
        "name": "assets\\Enemies\\yellow\\yellow_tank_body_07.png",
        "smoothed": false,
        "userAdded": false
      },
      {
        "file": "assets/Enemies/yellow/yellow_tank_body_08.png",
        "kind": "image",
        "metadata": "",
        "name": "assets\\Enemies\\yellow\\yellow_tank_body_08.png",
        "smoothed": false,
        "userAdded": false
      },
      {
        "file": "assets/Enemies/yellow/yellow_tank_body_09.png",
        "kind": "image",
        "metadata": "",
        "name": "assets\\Enemies\\yellow\\yellow_tank_body_09.png",
        "smoothed": false,
        "userAdded": false
      },
      {
        "file": "assets/Enemies/yellow/yellow_tank_body_10.png",
        "kind": "image",
        "metadata": "",
        "name": "assets\\Enemies\\yellow\\yellow_tank_body_10.png",
        "smoothed": false,
        "userAdded": false
      },
      {
        "file": "assets/Enemies/yellow/yellow_tank_body_11.png",
        "kind": "image",
        "metadata": "",
        "name": "assets\\Enemies\\yellow\\yellow_tank_body_11.png",
        "smoothed": false,
        "userAdded": false
      },
      {
        "file": "assets/Enemies/yellow/yellow_tank_body_12.png",
        "kind": "image",
        "metadata": "",
        "name": "assets\\Enemies\\yellow\\yellow_tank_body_12.png",
        "smoothed": false,
        "userAdded": false
      },
      {
        "file": "assets/Enemies/yellow/yellow_tank_body_13.png",
        "kind": "image",
        "metadata": "",
        "name": "assets\\Enemies\\yellow\\yellow_tank_body_13.png",
        "smoothed": false,
        "userAdded": false
      },
      {
        "file": "assets/Enemies/yellow/yellow_tank_body_14.png",
        "kind": "image",
        "metadata": "",
        "name": "assets\\Enemies\\yellow\\yellow_tank_body_14.png",
        "smoothed": false,
        "userAdded": false
      },
      {
        "file": "assets/Enemies/yellow/yellow_tank_body_15.png",
        "kind": "image",
        "metadata": "",
        "name": "assets\\Enemies\\yellow\\yellow_tank_body_15.png",
        "smoothed": false,
        "userAdded": false
      },
      {
        "file": "assets/Enemies/yellow/yellow_tank_body_16.png",
        "kind": "image",
        "metadata": "",
        "name": "assets\\Enemies\\yellow\\yellow_tank_body_16.png",
        "smoothed": false,
        "userAdded": false
      },
      {
        "file": "assets/Enemies/yellow/yellow_tank_cannon_01.png",
        "kind": "image",
        "metadata": "",
        "name": "assets\\Enemies\\yellow\\yellow_tank_cannon_01.png",
        "smoothed": false,
        "userAdded": false
      },
      {
        "file": "assets/Enemies/yellow/yellow_tank_cannon_02.png",
        "kind": "image",
        "metadata": "",
        "name": "assets\\Enemies\\yellow\\yellow_tank_cannon_02.png",
        "smoothed": false,
        "userAdded": false
      },
      {
        "file": "assets/Enemies/yellow/yellow_tank_cannon_03.png",
        "kind": "image",
        "metadata": "",
        "name": "assets\\Enemies\\yellow\\yellow_tank_cannon_03.png",
        "smoothed": false,
        "userAdded": false
      },
      {
        "file": "assets/Enemies/yellow/yellow_tank_cannon_04.png",
        "kind": "image",
        "metadata": "",
        "name": "assets\\Enemies\\yellow\\yellow_tank_cannon_04.png",
        "smoothed": false,
        "userAdded": false
      },
      {
        "file": "assets/Enemies/yellow/yellow_tank_cannon_05.png",
        "kind": "image",
        "metadata": "",
        "name": "assets\\Enemies\\yellow\\yellow_tank_cannon_05.png",
        "smoothed": false,
        "userAdded": false
      },
      {
        "file": "assets/Enemies/yellow/yellow_tank_cannon_06.png",
        "kind": "image",
        "metadata": "",
        "name": "assets\\Enemies\\yellow\\yellow_tank_cannon_06.png",
        "smoothed": false,
        "userAdded": false
      },
      {
        "file": "assets/Enemies/yellow/yellow_tank_cannon_07.png",
        "kind": "image",
        "metadata": "",
        "name": "assets\\Enemies\\yellow\\yellow_tank_cannon_07.png",
        "smoothed": false,
        "userAdded": false
      },
      {
        "file": "assets/Enemies/yellow/yellow_tank_cannon_08.png",
        "kind": "image",
        "metadata": "",
        "name": "assets\\Enemies\\yellow\\yellow_tank_cannon_08.png",
        "smoothed": false,
        "userAdded": false
      },
      {
        "file": "assets/Enemies/yellow/yellow_tank_cannon_09.png",
        "kind": "image",
        "metadata": "",
        "name": "assets\\Enemies\\yellow\\yellow_tank_cannon_09.png",
        "smoothed": false,
        "userAdded": false
      },
      {
        "file": "assets/Enemies/yellow/yellow_tank_cannon_10.png",
        "kind": "image",
        "metadata": "",
        "name": "assets\\Enemies\\yellow\\yellow_tank_cannon_10.png",
        "smoothed": false,
        "userAdded": false
      },
      {
        "file": "assets/Enemies/yellow/yellow_tank_cannon_11.png",
        "kind": "image",
        "metadata": "",
        "name": "assets\\Enemies\\yellow\\yellow_tank_cannon_11.png",
        "smoothed": false,
        "userAdded": false
      },
      {
        "file": "assets/Enemies/yellow/yellow_tank_cannon_12.png",
        "kind": "image",
        "metadata": "",
        "name": "assets\\Enemies\\yellow\\yellow_tank_cannon_12.png",
        "smoothed": false,
        "userAdded": false
      },
      {
        "file": "assets/Enemies/yellow/yellow_tank_cannon_13.png",
        "kind": "image",
        "metadata": "",
        "name": "assets\\Enemies\\yellow\\yellow_tank_cannon_13.png",
        "smoothed": false,
        "userAdded": false
      },
      {
        "file": "assets/Enemies/yellow/yellow_tank_cannon_14.png",
        "kind": "image",
        "metadata": "",
        "name": "assets\\Enemies\\yellow\\yellow_tank_cannon_14.png",
        "smoothed": false,
        "userAdded": false
      },
      {
        "file": "assets/Enemies/yellow/yellow_tank_cannon_15.png",
        "kind": "image",
        "metadata": "",
        "name": "assets\\Enemies\\yellow\\yellow_tank_cannon_15.png",
        "smoothed": false,
        "userAdded": false
      },
      {
        "file": "assets/Enemies/yellow/yellow_tank_cannon_16.png",
        "kind": "image",
        "metadata": "",
        "name": "assets\\Enemies\\yellow\\yellow_tank_cannon_16.png",
        "smoothed": false,
        "userAdded": false
      },
      {
        "file": "assets/Enemies/black/black_tank_body_01.png",
        "kind": "image",
        "metadata": "",
        "name": "assets\\Enemies\\black\\black_tank_body_01.png",
        "smoothed": false,
        "userAdded": false
      },
      {
        "file": "assets/Enemies/black/black_tank_body_02.png",
        "kind": "image",
        "metadata": "",
        "name": "assets\\Enemies\\black\\black_tank_body_02.png",
        "smoothed": false,
        "userAdded": false
      },
      {
        "file": "assets/Enemies/black/black_tank_body_03.png",
        "kind": "image",
        "metadata": "",
        "name": "assets\\Enemies\\black\\black_tank_body_03.png",
        "smoothed": false,
        "userAdded": false
      },
      {
        "file": "assets/Enemies/black/black_tank_body_04.png",
        "kind": "image",
        "metadata": "",
        "name": "assets\\Enemies\\black\\black_tank_body_04.png",
        "smoothed": false,
        "userAdded": false
      },
      {
        "file": "assets/Enemies/black/black_tank_body_05.png",
        "kind": "image",
        "metadata": "",
        "name": "assets\\Enemies\\black\\black_tank_body_05.png",
        "smoothed": false,
        "userAdded": false
      },
      {
        "file": "assets/Enemies/black/black_tank_body_06.png",
        "kind": "image",
        "metadata": "",
        "name": "assets\\Enemies\\black\\black_tank_body_06.png",
        "smoothed": false,
        "userAdded": false
      },
      {
        "file": "assets/Enemies/black/black_tank_body_07.png",
        "kind": "image",
        "metadata": "",
        "name": "assets\\Enemies\\black\\black_tank_body_07.png",
        "smoothed": false,
        "userAdded": false
      },
      {
        "file": "assets/Enemies/black/black_tank_body_08.png",
        "kind": "image",
        "metadata": "",
        "name": "assets\\Enemies\\black\\black_tank_body_08.png",
        "smoothed": false,
        "userAdded": false
      },
      {
        "file": "assets/Enemies/black/black_tank_body_09.png",
        "kind": "image",
        "metadata": "",
        "name": "assets\\Enemies\\black\\black_tank_body_09.png",
        "smoothed": false,
        "userAdded": false
      },
      {
        "file": "assets/Enemies/black/black_tank_body_10.png",
        "kind": "image",
        "metadata": "",
        "name": "assets\\Enemies\\black\\black_tank_body_10.png",
        "smoothed": false,
        "userAdded": false
      },
      {
        "file": "assets/Enemies/black/black_tank_body_11.png",
        "kind": "image",
        "metadata": "",
        "name": "assets\\Enemies\\black\\black_tank_body_11.png",
        "smoothed": false,
        "userAdded": false
      },
      {
        "file": "assets/Enemies/black/black_tank_body_12.png",
        "kind": "image",
        "metadata": "",
        "name": "assets\\Enemies\\black\\black_tank_body_12.png",
        "smoothed": false,
        "userAdded": false
      },
      {
        "file": "assets/Enemies/black/black_tank_body_13.png",
        "kind": "image",
        "metadata": "",
        "name": "assets\\Enemies\\black\\black_tank_body_13.png",
        "smoothed": false,
        "userAdded": false
      },
      {
        "file": "assets/Enemies/black/black_tank_body_14.png",
        "kind": "image",
        "metadata": "",
        "name": "assets\\Enemies\\black\\black_tank_body_14.png",
        "smoothed": false,
        "userAdded": false
      },
      {
        "file": "assets/Enemies/black/black_tank_body_15.png",
        "kind": "image",
        "metadata": "",
        "name": "assets\\Enemies\\black\\black_tank_body_15.png",
        "smoothed": false,
        "userAdded": false
      },
      {
        "file": "assets/Enemies/black/black_tank_body_16.png",
        "kind": "image",
        "metadata": "",
        "name": "assets\\Enemies\\black\\black_tank_body_16.png",
        "smoothed": false,
        "userAdded": false
      },
      {
        "file": "assets/Enemies/black/black_tank_cannon_01.png",
        "kind": "image",
        "metadata": "",
        "name": "assets\\Enemies\\black\\black_tank_cannon_01.png",
        "smoothed": false,
        "userAdded": false
      },
      {
        "file": "assets/Enemies/black/black_tank_cannon_02.png",
        "kind": "image",
        "metadata": "",
        "name": "assets\\Enemies\\black\\black_tank_cannon_02.png",
        "smoothed": false,
        "userAdded": false
      },
      {
        "file": "assets/Enemies/black/black_tank_cannon_03.png",
        "kind": "image",
        "metadata": "",
        "name": "assets\\Enemies\\black\\black_tank_cannon_03.png",
        "smoothed": false,
        "userAdded": false
      },
      {
        "file": "assets/Enemies/black/black_tank_cannon_04.png",
        "kind": "image",
        "metadata": "",
        "name": "assets\\Enemies\\black\\black_tank_cannon_04.png",
        "smoothed": false,
        "userAdded": false
      },
      {
        "file": "assets/Enemies/black/black_tank_cannon_05.png",
        "kind": "image",
        "metadata": "",
        "name": "assets\\Enemies\\black\\black_tank_cannon_05.png",
        "smoothed": false,
        "userAdded": false
      },
      {
        "file": "assets/Enemies/black/black_tank_cannon_06.png",
        "kind": "image",
        "metadata": "",
        "name": "assets\\Enemies\\black\\black_tank_cannon_06.png",
        "smoothed": false,
        "userAdded": false
      },
      {
        "file": "assets/Enemies/black/black_tank_cannon_07.png",
        "kind": "image",
        "metadata": "",
        "name": "assets\\Enemies\\black\\black_tank_cannon_07.png",
        "smoothed": false,
        "userAdded": false
      },
      {
        "file": "assets/Enemies/black/black_tank_cannon_08.png",
        "kind": "image",
        "metadata": "",
        "name": "assets\\Enemies\\black\\black_tank_cannon_08.png",
        "smoothed": false,
        "userAdded": false
      },
      {
        "file": "assets/Enemies/black/black_tank_cannon_09.png",
        "kind": "image",
        "metadata": "",
        "name": "assets\\Enemies\\black\\black_tank_cannon_09.png",
        "smoothed": false,
        "userAdded": false
      },
      {
        "file": "assets/Enemies/black/black_tank_cannon_10.png",
        "kind": "image",
        "metadata": "",
        "name": "assets\\Enemies\\black\\black_tank_cannon_10.png",
        "smoothed": false,
        "userAdded": false
      },
      {
        "file": "assets/Enemies/black/black_tank_cannon_11.png",
        "kind": "image",
        "metadata": "",
        "name": "assets\\Enemies\\black\\black_tank_cannon_11.png",
        "smoothed": false,
        "userAdded": false
      },
      {
        "file": "assets/Enemies/black/black_tank_cannon_12.png",
        "kind": "image",
        "metadata": "",
        "name": "assets\\Enemies\\black\\black_tank_cannon_12.png",
        "smoothed": false,
        "userAdded": false
      },
      {
        "file": "assets/Enemies/black/black_tank_cannon_13.png",
        "kind": "image",
        "metadata": "",
        "name": "assets\\Enemies\\black\\black_tank_cannon_13.png",
        "smoothed": false,
        "userAdded": false
      },
      {
        "file": "assets/Enemies/black/black_tank_cannon_14.png",
        "kind": "image",
        "metadata": "",
        "name": "assets\\Enemies\\black\\black_tank_cannon_14.png",
        "smoothed": false,
        "userAdded": false
      },
      {
        "file": "assets/Enemies/black/black_tank_cannon_15.png",
        "kind": "image",
        "metadata": "",
        "name": "assets\\Enemies\\black\\black_tank_cannon_15.png",
        "smoothed": false,
        "userAdded": false
      },
      {
        "file": "assets/Enemies/black/black_tank_cannon_16.png",
        "kind": "image",
        "metadata": "",
        "name": "assets\\Enemies\\black\\black_tank_cannon_16.png",
        "smoothed": false,
        "userAdded": false
      }
    ],
    "resourceFolders": []
  },
  "objects": [],
  "objectsFolderStructure": {
    "folderName": "__ROOT"
  },
  "objectsGroups": [],
  "variables": [
    {
      "name": "_CONFIG_",
      "type": "structure",
      "children": [
        {
          "folded": true,
          "name": "Players",
          "type": "array",
          "children": [
            {
              "type": "structure",
              "children": [
                {
                  "name": "Gamepad",
                  "type": "structure",
                  "children": [
                    {
                      "name": "Accept",
                      "type": "string",
                      "value": "A"
                    },
                    {
                      "name": "Cancel",
                      "type": "string",
                      "value": "B"
                    },
                    {
                      "name": "LandMine",
                      "type": "string",
                      "value": "LT"
                    },
                    {
                      "name": "LookDown",
                      "type": "string",
                      "value": "Right,Down"
                    },
                    {
                      "name": "LookLeft",
                      "type": "string",
                      "value": "Right,Left"
                    },
                    {
                      "name": "LookRight",
                      "type": "string",
                      "value": "Right,Right"
                    },
                    {
                      "name": "LookUp",
                      "type": "string",
                      "value": "Right,Up"
                    },
                    {
                      "name": "MoveDown",
                      "type": "string",
                      "value": "Left,Down"
                    },
                    {
                      "name": "MoveLeft",
                      "type": "string",
                      "value": "Left,Left"
                    },
                    {
                      "name": "MoveRight",
                      "type": "string",
                      "value": "Left,Right"
                    },
                    {
                      "name": "MoveUp",
                      "type": "string",
                      "value": "Left,Up"
                    },
                    {
                      "name": "Pause",
                      "type": "string",
                      "value": "START"
                    },
                    {
                      "name": "Shoot",
                      "type": "string",
                      "value": "RT"
                    }
                  ]
                },
                {
                  "name": "InputType",
                  "type": "string",
                  "value": "keyboard"
                },
                {
                  "folded": true,
                  "name": "Keyboard",
                  "type": "structure",
                  "children": [
                    {
                      "name": "Accept",
                      "type": "string",
                      "value": "Return"
                    },
                    {
                      "name": "Cancel",
                      "type": "string",
                      "value": "Escape"
                    },
                    {
                      "name": "LandMine",
                      "type": "string",
                      "value": "q"
                    },
                    {
                      "name": "LookDown",
                      "type": "string",
                      "value": "Down"
                    },
                    {
                      "name": "LookLeft",
                      "type": "string",
                      "value": "Left"
                    },
                    {
                      "name": "LookRight",
                      "type": "string",
                      "value": "Right"
                    },
                    {
                      "name": "LookUp",
                      "type": "string",
                      "value": "Up"
                    },
                    {
                      "name": "MoveDown",
                      "type": "string",
                      "value": "s"
                    },
                    {
                      "name": "MoveLeft",
                      "type": "string",
                      "value": "a"
                    },
                    {
                      "name": "MoveRight",
                      "type": "string",
                      "value": "d"
                    },
                    {
                      "name": "MoveUp",
                      "type": "string",
                      "value": "w"
                    },
                    {
                      "name": "Pause",
                      "type": "string",
                      "value": "Escape"
                    },
                    {
                      "name": "Shoot",
                      "type": "string",
                      "value": "Space"
                    }
                  ]
                }
              ]
            },
            {
              "type": "structure",
              "children": [
                {
                  "name": "Gamepad",
                  "type": "structure",
                  "children": [
                    {
                      "name": "Accept",
                      "type": "string",
                      "value": "A"
                    },
                    {
                      "name": "Cancel",
                      "type": "string",
                      "value": "B"
                    },
                    {
                      "name": "LandMine",
                      "type": "string",
                      "value": "LT"
                    },
                    {
                      "name": "LookDown",
                      "type": "string",
                      "value": "Right,Down"
                    },
                    {
                      "name": "LookLeft",
                      "type": "string",
                      "value": "Right,Left"
                    },
                    {
                      "name": "LookRight",
                      "type": "string",
                      "value": "Right,Right"
                    },
                    {
                      "name": "LookUp",
                      "type": "string",
                      "value": "Right,Up"
                    },
                    {
                      "name": "MoveDown",
                      "type": "string",
                      "value": "Left,Down"
                    },
                    {
                      "name": "MoveLeft",
                      "type": "string",
                      "value": "Left,Left"
                    },
                    {
                      "name": "MoveRight",
                      "type": "string",
                      "value": "Left,Right"
                    },
                    {
                      "name": "MoveUp",
                      "type": "string",
                      "value": "Left,Up"
                    },
                    {
                      "name": "Pause",
                      "type": "string",
                      "value": "START"
                    },
                    {
                      "name": "Shoot",
                      "type": "string",
                      "value": "RT"
                    }
                  ]
                },
                {
                  "name": "InputType",
                  "type": "string",
                  "value": "keyboard"
                },
                {
                  "name": "Keyboard",
                  "type": "structure",
                  "children": [
                    {
                      "name": "Accept",
                      "type": "string",
                      "value": "Return"
                    },
                    {
                      "name": "Cancel",
                      "type": "string",
                      "value": "Escape"
                    },
                    {
                      "name": "LandMine",
                      "type": "string",
                      "value": "q"
                    },
                    {
                      "name": "LookDown",
                      "type": "string",
                      "value": "Down"
                    },
                    {
                      "name": "LookLeft",
                      "type": "string",
                      "value": "Left"
                    },
                    {
                      "name": "LookRight",
                      "type": "string",
                      "value": "Right"
                    },
                    {
                      "name": "LookUp",
                      "type": "string",
                      "value": "Up"
                    },
                    {
                      "name": "MoveDown",
                      "type": "string",
                      "value": "s"
                    },
                    {
                      "name": "MoveLeft",
                      "type": "string",
                      "value": "a"
                    },
                    {
                      "name": "MoveRight",
                      "type": "string",
                      "value": "d"
                    },
                    {
                      "name": "MoveUp",
                      "type": "string",
                      "value": "w"
                    },
                    {
                      "name": "Pause",
                      "type": "string",
                      "value": "Escape"
                    },
                    {
                      "name": "Shoot",
                      "type": "string",
                      "value": "Space"
                    }
                  ]
                }
              ]
            }
          ]
        },
        {
          "name": "debug",
          "type": "boolean",
          "value": true
        }
      ]
    },
    {
      "name": "_CONSTANTS_",
      "type": "structure",
      "children": [
        {
          "folded": true,
          "name": "Entities",
          "type": "structure",
          "children": [
            {
              "name": "BreakableWall",
              "type": "string",
              "value": "BreakableWall"
            },
            {
              "name": "Enemy",
              "type": "string",
              "value": "Enemy"
            },
            {
              "name": "Player",
              "type": "string",
              "value": "Player"
            },
            {
              "name": "Wall",
              "type": "string",
              "value": "Wall"
            }
          ]
        },
        {
          "folded": true,
          "name": "GameState",
          "type": "structure",
          "children": [
            {
              "name": "Game",
              "type": "string",
              "value": "Game"
            },
            {
              "name": "GameOver",
              "type": "string",
              "value": "GameOver"
            },
            {
              "name": "GameWon",
              "type": "string",
              "value": "GameWon"
            },
            {
              "name": "Pause",
              "type": "string",
              "value": "Pause"
            },
            {
              "name": "Start",
              "type": "string",
              "value": "Start"
            }
          ]
        },
        {
          "folded": true,
          "name": "IAStates",
          "type": "structure",
          "children": [
            {
              "name": "Alert",
              "type": "string",
              "value": "Alert"
            },
            {
              "name": "LostTarget",
              "type": "string",
              "value": "LostTarget"
            },
            {
              "name": "Searching",
              "type": "string",
              "value": "Searching"
            }
          ]
        },
        {
          "folded": true,
          "name": "InitilizeData",
          "type": "structure",
          "children": [
            {
              "name": "Game",
              "type": "structure",
              "children": [
                {
                  "name": "GameState",
                  "type": "string",
                  "value": "Start"
                },
                {
                  "name": "Mission",
                  "type": "number",
                  "value": 1
                },
                {
                  "name": "PlayerLives",
                  "type": "number",
                  "value": 3
                }
              ]
            }
          ]
        },
        {
          "folded": true,
          "name": "InputType",
          "type": "structure",
          "children": [
            {
              "name": "Gamepad",
              "type": "string",
              "value": "gamepad"
            },
            {
              "name": "Keyboard",
              "type": "string",
              "value": "keyboard"
            }
          ]
        },
        {
          "folded": true,
          "name": "Layers",
          "type": "structure",
          "children": [
            {
              "name": "Base",
              "type": "string",
              "value": "Base"
            },
            {
              "name": "UI",
              "type": "string",
              "value": "UI"
            }
          ]
        },
        {
          "name": "Timers",
          "type": "structure",
          "children": [
            {
              "name": "LandMine",
              "type": "structure",
              "children": [
                {
                  "name": "ActivationCooldown",
                  "type": "string",
                  "value": "ActivationCooldown"
                },
                {
                  "name": "ExplosionCooldown",
                  "type": "string",
                  "value": "ExplosionCooldown"
                }
              ]
            }
          ]
        }
      ]
    },
    {
      "name": "_INGAMEDATA_",
      "type": "structure",
      "children": [
        {
          "name": "GameState",
          "type": "string",
          "value": "Start"
        },
        {
          "name": "Mission",
          "type": "number",
          "value": 1
        },
        {
          "name": "PlayerLives",
          "type": "number",
          "value": 3
        }
      ]
    },
    {
      "name": "_DATA_",
      "type": "structure",
      "children": [
        {
          "name": "Bullets",
          "type": "structure",
          "children": [
            {
              "name": "LandMine",
              "type": "structure",
              "children": [
                {
                  "name": "ActivationTime",
                  "type": "number",
                  "value": 2
                },
                {
                  "name": "DetectionDistance",
                  "type": "number",
                  "value": 64
                },
                {
                  "name": "ExplosionTime",
                  "type": "number",
                  "value": 2
                }
              ]
            },
            {
              "name": "WhiteSmall",
              "type": "structure",
              "children": [
                {
                  "name": "Speed",
                  "type": "number",
                  "value": 200
                }
              ]
            }
          ]
        },
        {
          "name": "Enemies",
          "type": "structure",
          "children": [
            {
              "name": "StationaryEnemy",
              "type": "structure",
              "children": [
                {
                  "name": "DetectionDistance",
                  "type": "number",
                  "value": 100
                },
                {
                  "name": "LookDistance",
                  "type": "number",
                  "value": 250
                },
                {
                  "name": "LookSpeed",
                  "type": "number",
                  "value": 50
                },
                {
                  "name": "MaxBullets",
                  "type": "number",
                  "value": 2
                },
                {
                  "name": "MaxHealth",
                  "type": "number",
                  "value": 2
                },
                {
                  "name": "ReloadTime",
                  "type": "number",
                  "value": 1
                }
              ]
            }
          ]
        },
        {
          "name": "Player",
          "type": "structure",
          "children": [
            {
              "name": "MaxBullets",
              "type": "number",
              "value": 5
            },
            {
              "name": "MaxLandMines",
              "type": "number",
              "value": 2
            },
            {
              "name": "ReloadTime",
              "type": "number",
              "value": 0.1
            }
          ]
        },
        {
          "name": "Walls",
          "type": "structure",
          "children": [
            {
              "name": "BreakableWallWhite",
              "type": "structure",
              "children": [
                {
                  "name": "MaxHealth",
                  "type": "number",
                  "value": 2
                }
              ]
            }
          ]
        }
      ]
    }
  ],
  "layouts": [
    {
      "__REFERENCE_TO_SPLIT_OBJECT": true,
      "referenceTo": "/layouts/title-scene"
    },
    {
      "__REFERENCE_TO_SPLIT_OBJECT": true,
      "referenceTo": "/layouts/before-game-start"
    },
    {
      "__REFERENCE_TO_SPLIT_OBJECT": true,
      "referenceTo": "/layouts/game-scene"
    }
  ],
  "externalEvents": [],
  "eventsFunctionsExtensions": [
    {
      "__REFERENCE_TO_SPLIT_OBJECT": true,
      "referenceTo": "/eventsFunctionsExtensions/customobjects"
    },
    {
      "__REFERENCE_TO_SPLIT_OBJECT": true,
      "referenceTo": "/eventsFunctionsExtensions/log_manager"
    },
    {
      "__REFERENCE_TO_SPLIT_OBJECT": true,
      "referenceTo": "/eventsFunctionsExtensions/gamepads"
    },
    {
      "__REFERENCE_TO_SPLIT_OBJECT": true,
      "referenceTo": "/eventsFunctionsExtensions/arraytools"
    },
    {
      "__REFERENCE_TO_SPLIT_OBJECT": true,
      "referenceTo": "/eventsFunctionsExtensions/extendedvariables"
    },
    {
      "__REFERENCE_TO_SPLIT_OBJECT": true,
      "referenceTo": "/eventsFunctionsExtensions/flash"
    },
    {
      "__REFERENCE_TO_SPLIT_OBJECT": true,
      "referenceTo": "/eventsFunctionsExtensions/fps"
    },
    {
      "__REFERENCE_TO_SPLIT_OBJECT": true,
      "referenceTo": "/eventsFunctionsExtensions/sticker"
    },
    {
      "__REFERENCE_TO_SPLIT_OBJECT": true,
      "referenceTo": "/eventsFunctionsExtensions/isonscreen"
    },
    {
      "__REFERENCE_TO_SPLIT_OBJECT": true,
      "referenceTo": "/eventsFunctionsExtensions/ysort"
    }
  ],
  "externalLayouts": []
}