{
  "b": 209,
  "disableInputWhenNotFocused": true,
  "mangledName": "Before_32Game_32Start",
  "name": "Before Game Start",
  "r": 209,
  "standardSortMethod": true,
  "stopSoundsOnStartup": true,
  "title": "",
  "v": 209,
  "uiSettings": {
    "grid": true,
    "gridType": "rectangular",
    "gridWidth": 32,
    "gridHeight": 32,
    "gridOffsetX": 0,
    "gridOffsetY": 0,
    "gridColor": 10401023,
    "gridAlpha": 0.8,
    "snap": true,
    "zoomFactor": 1.1726229638177694,
    "windowMask": false
  },
  "objectsGroups": [],
  "variables": [],
  "instances": [
    {
      "angle": 0,
      "customSize": true,
      "depth": 1,
      "height": 128,
      "keepRatio": true,
      "layer": "",
      "name": "Title",
      "persistentUuid": "7c469317-0a55-433c-8813-c082d21776e4",
      "width": 640,
      "x": 0,
      "y": 160,
      "zOrder": 3,
      "numberProperties": [],
      "stringProperties": [],
      "initialVariables": []
    },
    {
      "angle": 0,
      "customSize": true,
      "depth": 2,
      "height": 384,
      "keepRatio": true,
      "layer": "",
      "name": "Background",
      "persistentUuid": "55a7ae97-6bd9-4a9a-adb9-15c92936574a",
      "width": 640,
      "x": 0,
      "y": 0,
      "zOrder": 0,
      "numberProperties": [],
      "stringProperties": [],
      "initialVariables": []
    },
    {
      "angle": 0,
      "customSize": true,
      "depth": 1,
      "height": 128,
      "keepRatio": true,
      "layer": "",
      "name": "TitleBackground",
      "persistentUuid": "43865bcd-a4f3-476c-ba59-12e2fdc5cb88",
      "width": 640,
      "x": 0,
      "y": 96,
      "zOrder": 2,
      "numberProperties": [],
      "stringProperties": [],
      "initialVariables": []
    },
    {
      "angle": 0,
      "customSize": true,
      "depth": 1,
      "height": 32,
      "keepRatio": true,
      "layer": "",
      "name": "Shadow",
      "persistentUuid": "ffd19026-f868-430d-b1ea-188630aaae2f",
      "width": 640,
      "x": 0,
      "y": 198,
      "zOrder": 1,
      "numberProperties": [],
      "stringProperties": [],
      "initialVariables": []
    },
    {
      "angle": 0,
      "customSize": true,
      "depth": 1,
      "height": 64,
      "keepRatio": true,
      "layer": "",
      "name": "Lives",
      "persistentUuid": "8bc9af45-33b3-4fc0-9f7f-bc9500880cc6",
      "width": 640,
      "x": 0,
      "y": 288,
      "zOrder": 4,
      "numberProperties": [],
      "stringProperties": [],
      "initialVariables": []
    }
  ],
  "objects": [
    {
      "assetStoreId": "",
      "bold": true,
      "italic": false,
      "name": "Title",
      "smoothed": true,
      "type": "TextObject::Text",
      "underlined": false,
      "variables": [],
      "effects": [],
      "behaviors": [],
      "string": "Mission",
      "font": "assets\\advance-wars-2-gba.ttf",
      "textAlignment": "center",
      "characterSize": 60,
      "color": {
        "b": 0,
        "g": 0,
        "r": 0
      },
      "content": {
        "bold": true,
        "isOutlineEnabled": false,
        "isShadowEnabled": false,
        "italic": false,
        "outlineColor": "255;255;255",
        "outlineThickness": 2,
        "shadowAngle": 90,
        "shadowBlurRadius": 2,
        "shadowColor": "0;0;0",
        "shadowDistance": 4,
        "shadowOpacity": 127,
        "smoothed": true,
        "underlined": false,
        "text": "Mission",
        "font": "assets\\advance-wars-2-gba.ttf",
        "textAlignment": "center",
        "verticalTextAlignment": "center",
        "characterSize": 60,
        "color": "0;0;0"
      }
    },
    {
      "assetStoreId": "",
      "height": 32,
      "name": "Background",
      "texture": "assets\\Backgrounds\\fondo_patron tanques1.png",
      "type": "TiledSpriteObject::TiledSprite",
      "width": 32,
      "variables": [],
      "effects": [],
      "behaviors": []
    },
    {
      "assetStoreId": "",
      "bottomMargin": 32,
      "height": 96,
      "leftMargin": 32,
      "name": "TitleBackground",
      "rightMargin": 32,
      "texture": "assets\\Backgrounds\\fondo_titulo.png",
      "tiled": false,
      "topMargin": 32,
      "type": "PanelSpriteObject::PanelSprite",
      "width": 96,
      "variables": [],
      "effects": [],
      "behaviors": []
    },
    {
      "adaptCollisionMaskAutomatically": true,
      "assetStoreId": "",
      "name": "Shadow",
      "type": "Sprite",
      "updateIfNotVisible": false,
      "variables": [],
      "effects": [
        {
          "effectType": "Adjustment",
          "name": "Effect",
          "doubleParameters": {
            "alpha": 0.25,
            "blue": 1,
            "brightness": 1,
            "contrast": 1,
            "gamma": 1,
            "green": 1,
            "red": 1,
            "saturation": 1
          },
          "stringParameters": {},
          "booleanParameters": {}
        }
      ],
      "behaviors": [],
      "animations": [
        {
          "name": "Black",
          "useMultipleDirections": false,
          "directions": [
            {
              "looping": false,
              "metadata": "{\"pskl\":{}}",
              "timeBetweenFrames": 0.08,
              "sprites": [
                {
                  "hasCustomCollisionMask": true,
                  "image": "Black",
                  "points": [],
                  "originPoint": {
                    "name": "origine",
                    "x": 0,
                    "y": 0
                  },
                  "centerPoint": {
                    "automatic": true,
                    "name": "centre",
                    "x": 0,
                    "y": 0
                  },
                  "customCollisionMask": [
                    [
                      {
                        "x": 0,
                        "y": 0
                      },
                      {
                        "x": 64,
                        "y": 0
                      },
                      {
                        "x": 64,
                        "y": 64
                      },
                      {
                        "x": 0,
                        "y": 64
                      }
                    ]
                  ]
                }
              ]
            }
          ]
        }
      ]
    },
    {
      "assetStoreId": "",
      "bold": true,
      "italic": false,
      "name": "Lives",
      "smoothed": true,
      "type": "TextObject::Text",
      "underlined": false,
      "variables": [],
      "effects": [],
      "behaviors": [],
      "string": "Lives",
      "font": "assets\\advance-wars-2-gba.ttf",
      "textAlignment": "center",
      "characterSize": 50,
      "color": {
        "b": 0,
        "g": 0,
        "r": 0
      },
      "content": {
        "bold": true,
        "isOutlineEnabled": false,
        "isShadowEnabled": false,
        "italic": false,
        "outlineColor": "255;255;255",
        "outlineThickness": 2,
        "shadowAngle": 90,
        "shadowBlurRadius": 2,
        "shadowColor": "0;0;0",
        "shadowDistance": 4,
        "shadowOpacity": 127,
        "smoothed": true,
        "underlined": false,
        "text": "Lives",
        "font": "assets\\advance-wars-2-gba.ttf",
        "textAlignment": "center",
        "verticalTextAlignment": "center",
        "characterSize": 50,
        "color": "0;0;0"
      }
    }
  ],
  "objectsFolderStructure": {
    "folderName": "__ROOT",
    "children": [
      {
        "objectName": "Title"
      },
      {
        "objectName": "Background"
      },
      {
        "objectName": "TitleBackground"
      },
      {
        "objectName": "Shadow"
      },
      {
        "objectName": "Lives"
      }
    ]
  },
  "events": [
    {
      "type": "BuiltinCommonInstructions::Standard",
      "conditions": [
        {
          "type": {
            "value": "DepartScene"
          },
          "parameters": [
            ""
          ]
        }
      ],
      "actions": [
        {
          "type": {
            "value": "TextContainerCapability::TextContainerBehavior::SetValue"
          },
          "parameters": [
            "Title",
            "Text",
            "=",
            "\"Mission  \" + ToString(_INGAMEDATA_.Mission)"
          ]
        },
        {
          "type": {
            "value": "TextContainerCapability::TextContainerBehavior::SetValue"
          },
          "parameters": [
            "Lives",
            "Text",
            "=",
            "_INGAMEDATA_.PlayerLives + \" Lives\""
          ]
        }
      ]
    },
    {
      "type": "BuiltinCommonInstructions::Standard",
      "conditions": [],
      "actions": [
        {
          "type": {
            "value": "TiledSpriteObject::XOffset"
          },
          "parameters": [
            "Background",
            "+",
            "60*TimeDelta()"
          ]
        },
        {
          "type": {
            "value": "TiledSpriteObject::YOffset"
          },
          "parameters": [
            "Background",
            "+",
            "60*TimeDelta()"
          ]
        }
      ]
    },
    {
      "colorB": 177,
      "colorG": 128,
      "colorR": 29,
      "creationTime": 0,
      "name": "Switch inputs",
      "source": "",
      "type": "BuiltinCommonInstructions::Group",
      "events": [
        {
          "type": "BuiltinCommonInstructions::Comment",
          "color": {
            "b": 209,
            "g": 199,
            "r": 85,
            "textB": 0,
            "textG": 0,
            "textR": 0
          },
          "comment": "Switch to keyboard"
        },
        {
          "type": "BuiltinCommonInstructions::Standard",
          "conditions": [
            {
              "type": {
                "value": "AnyKeyPressed"
              },
              "parameters": [
                ""
              ]
            },
            {
              "type": {
                "value": "StringVariable"
              },
              "parameters": [
                "_CONFIG_.Players[0].InputType",
                "=",
                "_CONSTANTS_.InputType.Gamepad"
              ]
            },
            {
              "type": {
                "value": "BuiltinCommonInstructions::Once"
              },
              "parameters": []
            }
          ],
          "actions": [
            {
              "type": {
                "value": "SetStringVariable"
              },
              "parameters": [
                "_CONFIG_.Players[0].InputType",
                "=",
                "_CONSTANTS_.InputType.Keyboard"
              ]
            }
          ]
        },
        {
          "type": "BuiltinCommonInstructions::Comment",
          "color": {
            "b": 209,
            "g": 199,
            "r": 85,
            "textB": 0,
            "textG": 0,
            "textR": 0
          },
          "comment": "Switch to gamepad"
        },
        {
          "type": "BuiltinCommonInstructions::Standard",
          "conditions": [
            {
              "type": {
                "value": "Gamepads::C_Any_Button_pressed"
              },
              "parameters": [
                "",
                "1",
                "\"A\""
              ]
            },
            {
              "type": {
                "value": "StringVariable"
              },
              "parameters": [
                "_CONFIG_.Players[0].InputType",
                "=",
                "_CONSTANTS_.InputType.Keyboard"
              ]
            },
            {
              "type": {
                "value": "BuiltinCommonInstructions::Once"
              },
              "parameters": []
            }
          ],
          "actions": [
            {
              "type": {
                "value": "SetStringVariable"
              },
              "parameters": [
                "_CONFIG_.Players[0].InputType",
                "=",
                "_CONSTANTS_.InputType.Gamepad"
              ]
            }
          ]
        }
      ],
      "parameters": []
    },
    {
      "colorB": 177,
      "colorG": 128,
      "colorR": 29,
      "creationTime": 0,
      "name": "Player one actions",
      "source": "",
      "type": "BuiltinCommonInstructions::Group",
      "events": [
        {
          "type": "BuiltinCommonInstructions::Comment",
          "color": {
            "b": 209,
            "g": 199,
            "r": 85,
            "textB": 0,
            "textG": 0,
            "textR": 0
          },
          "comment": "Keyboard actions"
        },
        {
          "type": "BuiltinCommonInstructions::Standard",
          "conditions": [
            {
              "type": {
                "value": "StringVariable"
              },
              "parameters": [
                "_CONFIG_.Players[0].InputType",
                "=",
                "_CONSTANTS_.InputType.Keyboard"
              ]
            }
          ],
          "actions": [],
          "events": [
            {
              "type": "BuiltinCommonInstructions::Standard",
              "conditions": [
                {
                  "type": {
                    "value": "KeyFromTextPressed"
                  },
                  "parameters": [
                    "",
                    "_CONFIG_.Players[0].Keyboard.Accept"
                  ]
                },
                {
                  "type": {
                    "value": "BuiltinCommonInstructions::Once"
                  },
                  "parameters": []
                }
              ],
              "actions": [
                {
                  "type": {
                    "value": "PopScene"
                  },
                  "parameters": [
                    ""
                  ]
                }
              ]
            }
          ]
        },
        {
          "type": "BuiltinCommonInstructions::Comment",
          "color": {
            "b": 209,
            "g": 199,
            "r": 85,
            "textB": 0,
            "textG": 0,
            "textR": 0
          },
          "comment": "Gamepad actions"
        },
        {
          "type": "BuiltinCommonInstructions::Standard",
          "conditions": [
            {
              "type": {
                "value": "StringVariable"
              },
              "parameters": [
                "_CONFIG_.Players[0].InputType",
                "=",
                "_CONSTANTS_.InputType.Gamepad"
              ]
            }
          ],
          "actions": [],
          "events": [
            {
              "type": "BuiltinCommonInstructions::Standard",
              "conditions": [
                {
                  "type": {
                    "value": "Gamepads::C_Button_pressed"
                  },
                  "parameters": [
                    "",
                    "1",
                    "_CONFIG_.Players[0].Gamepad.Accept",
                    ""
                  ]
                },
                {
                  "type": {
                    "value": "BuiltinCommonInstructions::Once"
                  },
                  "parameters": []
                }
              ],
              "actions": [
                {
                  "type": {
                    "value": "PopScene"
                  },
                  "parameters": [
                    ""
                  ]
                }
              ]
            }
          ]
        }
      ],
      "parameters": []
    }
  ],
  "layers": [
    {
      "ambientLightColorB": 200,
      "ambientLightColorG": 200,
      "ambientLightColorR": 200,
      "camera3DFarPlaneDistance": 10000,
      "camera3DFieldOfView": 45,
      "camera3DNearPlaneDistance": 3,
      "cameraType": "",
      "followBaseLayerCamera": false,
      "isLightingLayer": false,
      "isLocked": false,
      "name": "",
      "renderingType": "",
      "visibility": true,
      "cameras": [
        {
          "defaultSize": true,
          "defaultViewport": true,
          "height": 0,
          "viewportBottom": 1,
          "viewportLeft": 0,
          "viewportRight": 1,
          "viewportTop": 0,
          "width": 0
        }
      ],
      "effects": [
        {
          "effectType": "Scene3D::AmbientLight",
          "name": "3D Ammbient Light",
          "doubleParameters": {
            "intensity": 0.25
          },
          "stringParameters": {
            "color": "255;255;255"
          },
          "booleanParameters": {}
        },
        {
          "effectType": "Scene3D::DirectionalLight",
          "name": "3D Sun Light",
          "doubleParameters": {
            "distanceFromCamera": 1500,
            "elevation": 40,
            "frustumSize": 4000,
            "intensity": 0.75,
            "minimumShadowBias": 0,
            "rotation": 300
          },
          "stringParameters": {
            "color": "255;255;255",
            "shadowQuality": "medium",
            "top": "Z+"
          },
          "booleanParameters": {
            "isCastingShadow": true
          }
        }
      ]
    }
  ],
  "behaviorsSharedData": [
    {
      "name": "Animation",
      "type": "AnimatableCapability::AnimatableBehavior"
    },
    {
      "name": "Effect",
      "type": "EffectCapability::EffectBehavior"
    },
    {
      "name": "Flippable",
      "type": "FlippableCapability::FlippableBehavior"
    },
    {
      "name": "Opacity",
      "type": "OpacityCapability::OpacityBehavior"
    },
    {
      "name": "Resizable",
      "type": "ResizableCapability::ResizableBehavior"
    },
    {
      "name": "Scale",
      "type": "ScalableCapability::ScalableBehavior"
    },
    {
      "name": "Text",
      "type": "TextContainerCapability::TextContainerBehavior"
    }
  ]
}