{
  "b": 209,
  "disableInputWhenNotFocused": true,
  "mangledName": "Title_32Scene",
  "name": "Title Scene",
  "r": 209,
  "standardSortMethod": true,
  "stopSoundsOnStartup": true,
  "title": "",
  "v": 209,
  "uiSettings": {
    "grid": false,
    "gridType": "rectangular",
    "gridWidth": 32,
    "gridHeight": 32,
    "gridOffsetX": 0,
    "gridOffsetY": 0,
    "gridColor": 10401023,
    "gridAlpha": 0.8,
    "snap": false,
    "zoomFactor": 0.8416428125373101,
    "windowMask": false
  },
  "objectsGroups": [],
  "variables": [],
  "instances": [
    {
      "angle": 0,
      "customSize": false,
      "height": 0,
      "keepRatio": true,
      "layer": "",
      "name": "StartOption",
      "persistentUuid": "f403aac8-9c8b-4709-b79f-77fd8f193354",
      "width": 0,
      "x": 244,
      "y": 210,
      "zOrder": 1,
      "numberProperties": [],
      "stringProperties": [],
      "initialVariables": []
    }
  ],
  "objects": [
    {
      "assetStoreId": "",
      "bold": false,
      "italic": false,
      "name": "StartOption",
      "smoothed": true,
      "type": "TextObject::Text",
      "underlined": false,
      "variables": [],
      "effects": [],
      "behaviors": [],
      "string": "START",
      "font": "assets\\advance-wars-2-gba.ttf",
      "textAlignment": "left",
      "characterSize": 80,
      "color": {
        "b": 0,
        "g": 0,
        "r": 0
      },
      "content": {
        "bold": false,
        "isOutlineEnabled": false,
        "isShadowEnabled": false,
        "italic": false,
        "outlineColor": "255;255;255",
        "outlineThickness": 2,
        "shadowAngle": 90,
        "shadowBlurRadius": 2,
        "shadowColor": "0;0;0",
        "shadowDistance": 4,
        "shadowOpacity": 127,
        "smoothed": true,
        "underlined": false,
        "text": "START",
        "font": "assets\\advance-wars-2-gba.ttf",
        "textAlignment": "left",
        "verticalTextAlignment": "top",
        "characterSize": 80,
        "color": "0;0;0"
      }
    }
  ],
  "objectsFolderStructure": {
    "folderName": "__ROOT",
    "children": [
      {
        "objectName": "StartOption"
      }
    ]
  },
  "events": [
    {
      "colorB": 177,
      "colorG": 128,
      "colorR": 29,
      "creationTime": 0,
      "name": "Switch inputs",
      "source": "",
      "type": "BuiltinCommonInstructions::Group",
      "events": [
        {
          "type": "BuiltinCommonInstructions::Comment",
          "color": {
            "b": 209,
            "g": 199,
            "r": 85,
            "textB": 0,
            "textG": 0,
            "textR": 0
          },
          "comment": "Switch to keyboard"
        },
        {
          "type": "BuiltinCommonInstructions::Standard",
          "conditions": [
            {
              "type": {
                "value": "AnyKeyPressed"
              },
              "parameters": [
                ""
              ]
            },
            {
              "type": {
                "value": "StringVariable"
              },
              "parameters": [
                "_CONFIG_.Players[0].InputType",
                "=",
                "_CONSTANTS_.InputType.Gamepad"
              ]
            },
            {
              "type": {
                "value": "BuiltinCommonInstructions::Once"
              },
              "parameters": []
            }
          ],
          "actions": [
            {
              "type": {
                "value": "SetStringVariable"
              },
              "parameters": [
                "_CONFIG_.Players[0].InputType",
                "=",
                "_CONSTANTS_.InputType.Keyboard"
              ]
            }
          ]
        },
        {
          "type": "BuiltinCommonInstructions::Comment",
          "color": {
            "b": 209,
            "g": 199,
            "r": 85,
            "textB": 0,
            "textG": 0,
            "textR": 0
          },
          "comment": "Switch to gamepad"
        },
        {
          "type": "BuiltinCommonInstructions::Standard",
          "conditions": [
            {
              "type": {
                "value": "Gamepads::C_Any_Button_pressed"
              },
              "parameters": [
                "",
                "1",
                "\"A\""
              ]
            },
            {
              "type": {
                "value": "StringVariable"
              },
              "parameters": [
                "_CONFIG_.Players[0].InputType",
                "=",
                "_CONSTANTS_.InputType.Keyboard"
              ]
            },
            {
              "type": {
                "value": "BuiltinCommonInstructions::Once"
              },
              "parameters": []
            }
          ],
          "actions": [
            {
              "type": {
                "value": "SetStringVariable"
              },
              "parameters": [
                "_CONFIG_.Players[0].InputType",
                "=",
                "_CONSTANTS_.InputType.Gamepad"
              ]
            }
          ]
        }
      ],
      "parameters": []
    },
    {
      "colorB": 177,
      "colorG": 128,
      "colorR": 29,
      "creationTime": 0,
      "name": "Player one actions",
      "source": "",
      "type": "BuiltinCommonInstructions::Group",
      "events": [
        {
          "type": "BuiltinCommonInstructions::Comment",
          "color": {
            "b": 209,
            "g": 199,
            "r": 85,
            "textB": 0,
            "textG": 0,
            "textR": 0
          },
          "comment": "Keyboard actions"
        },
        {
          "type": "BuiltinCommonInstructions::Standard",
          "conditions": [
            {
              "type": {
                "value": "StringVariable"
              },
              "parameters": [
                "_CONFIG_.Players[0].InputType",
                "=",
                "_CONSTANTS_.InputType.Keyboard"
              ]
            }
          ],
          "actions": [],
          "events": [
            {
              "type": "BuiltinCommonInstructions::Standard",
              "conditions": [
                {
                  "type": {
                    "value": "KeyFromTextPressed"
                  },
                  "parameters": [
                    "",
                    "_CONFIG_.Players[0].Keyboard.Accept"
                  ]
                },
                {
                  "type": {
                    "value": "BuiltinCommonInstructions::Once"
                  },
                  "parameters": []
                }
              ],
              "actions": []
            }
          ]
        },
        {
          "type": "BuiltinCommonInstructions::Comment",
          "color": {
            "b": 209,
            "g": 199,
            "r": 85,
            "textB": 0,
            "textG": 0,
            "textR": 0
          },
          "comment": "Gamepad actions"
        },
        {
          "type": "BuiltinCommonInstructions::Standard",
          "conditions": [
            {
              "type": {
                "value": "StringVariable"
              },
              "parameters": [
                "_CONFIG_.Players[0].InputType",
                "=",
                "_CONSTANTS_.InputType.Gamepad"
              ]
            }
          ],
          "actions": [],
          "events": [
            {
              "type": "BuiltinCommonInstructions::Standard",
              "conditions": [
                {
                  "type": {
                    "value": "Gamepads::C_Button_pressed"
                  },
                  "parameters": [
                    "",
                    "1",
                    "_CONFIG_.Players[0].Gamepad.Accept",
                    ""
                  ]
                },
                {
                  "type": {
                    "value": "BuiltinCommonInstructions::Once"
                  },
                  "parameters": []
                }
              ],
              "actions": []
            }
          ]
        }
      ],
      "parameters": []
    },
    {
      "type": "BuiltinCommonInstructions::Standard",
      "conditions": [
        {
          "type": {
            "value": "SourisSurObjet"
          },
          "parameters": [
            "StartOption",
            "",
            "",
            ""
          ]
        },
        {
          "type": {
            "value": "MouseButtonFromTextPressed"
          },
          "parameters": [
            "",
            "\"Left\""
          ]
        }
      ],
      "actions": [
        {
          "type": {
            "value": "SetStringVariable"
          },
          "parameters": [
            "_INGAMEDATA_.GameState",
            "=",
            "_CONSTANTS_.InitilizeData.Game.GameState"
          ]
        },
        {
          "type": {
            "value": "SetNumberVariable"
          },
          "parameters": [
            "_INGAMEDATA_.Mission",
            "=",
            "_CONSTANTS_.InitilizeData.Game.Mission"
          ]
        },
        {
          "type": {
            "value": "SetNumberVariable"
          },
          "parameters": [
            "_INGAMEDATA_.PlayerLives",
            "=",
            "_CONSTANTS_.InitilizeData.Game.PlayerLives"
          ]
        },
        {
          "type": {
            "value": "Scene"
          },
          "parameters": [
            "",
            "\"Game Scene\"",
            ""
          ]
        }
      ]
    }
  ],
  "layers": [
    {
      "ambientLightColorB": 200,
      "ambientLightColorG": 200,
      "ambientLightColorR": 200,
      "camera3DFarPlaneDistance": 10000,
      "camera3DFieldOfView": 45,
      "camera3DNearPlaneDistance": 3,
      "cameraType": "",
      "followBaseLayerCamera": false,
      "isLightingLayer": false,
      "isLocked": false,
      "name": "",
      "renderingType": "",
      "visibility": true,
      "cameras": [
        {
          "defaultSize": true,
          "defaultViewport": true,
          "height": 0,
          "viewportBottom": 1,
          "viewportLeft": 0,
          "viewportRight": 1,
          "viewportTop": 0,
          "width": 0
        }
      ],
      "effects": [
        {
          "effectType": "Scene3D::AmbientLight",
          "name": "3D Ammbient Light",
          "doubleParameters": {
            "intensity": 0.25
          },
          "stringParameters": {
            "color": "255;255;255"
          },
          "booleanParameters": {}
        },
        {
          "effectType": "Scene3D::DirectionalLight",
          "name": "3D Sun Light",
          "doubleParameters": {
            "distanceFromCamera": 1500,
            "elevation": 40,
            "frustumSize": 4000,
            "intensity": 0.75,
            "minimumShadowBias": 0,
            "rotation": 300
          },
          "stringParameters": {
            "color": "255;255;255",
            "shadowQuality": "medium",
            "top": "Z+"
          },
          "booleanParameters": {
            "isCastingShadow": true
          }
        }
      ]
    }
  ],
  "behaviorsSharedData": [
    {
      "name": "Effect",
      "type": "EffectCapability::EffectBehavior"
    },
    {
      "name": "Opacity",
      "type": "OpacityCapability::OpacityBehavior"
    },
    {
      "name": "Scale",
      "type": "ScalableCapability::ScalableBehavior"
    },
    {
      "name": "Text",
      "type": "TextContainerCapability::TextContainerBehavior"
    }
  ]
}